land;bip_mio_eur;jahr;quelle
Nordrhein-Westfalen;886014;2025;Destatis VGRdL
Bayern;854102;2025;Destatis VGRdL
Baden-Württemberg;646851;2025;Destatis VGRdL
Niedersachsen;396748;2025;Destatis VGRdL
Hessen;354739;2025;Destatis VGRdL
Rheinland-Pfalz;181334;2025;Destatis VGRdL
Berlin;205396;2025;Destatis VGRdL
Sachsen;158823;2025;Destatis VGRdL
Schleswig-Holstein;125258;2025;Destatis VGRdL
Hamburg;169018;2025;Destatis VGRdL
Brandenburg;100304;2025;Destatis VGRdL
Sachsen-Anhalt;77102;2025;Destatis VGRdL
Thüringen;75208;2025;Destatis VGRdL
Mecklenburg-Vorpommern;57174;2025;Destatis VGRdL
Saarland;41905;2025;Destatis VGRdL
Bremen;40085;2025;Destatis VGRdL
