nuts;land;wahlbeteiligung_prozent;union_prozent;afd_prozent;spd_prozent;gruene_prozent;linke_prozent;bsw_prozent;fdp_prozent;quelle
DEF;Schleswig-Holstein;83.5;27.6;16.3;18.8;14.9;7.8;3.4;4.7;Die Bundeswahlleiterin, Zweitstimmen
DE6;Hamburg;80.9;20.7;10.9;22.7;19.3;14.5;4.0;4.5;Die Bundeswahlleiterin, Zweitstimmen
DE9;Niedersachsen;83.4;28.1;17.8;23.0;11.5;8.1;3.8;4.1;Die Bundeswahlleiterin, Zweitstimmen
DE5;Bremen;77.8;20.6;15.1;23.1;15.6;14.8;4.3;3.5;Die Bundeswahlleiterin, Zweitstimmen
DEA;Nordrhein-Westfalen;82.2;30.1;16.8;20.0;12.4;8.3;4.1;4.4;Die Bundeswahlleiterin, Zweitstimmen
DE7;Hessen;83.1;28.9;17.8;18.4;12.6;8.7;4.4;5.0;Die Bundeswahlleiterin, Zweitstimmen
DEB;Rheinland-Pfalz;83.0;30.6;20.1;18.6;10.3;6.5;4.2;4.6;Die Bundeswahlleiterin, Zweitstimmen
DE1;Baden-Württemberg;83.4;31.6;19.8;14.2;13.6;6.8;4.1;5.6;Die Bundeswahlleiterin, Zweitstimmen
DE2;Bayern;84.3;37.2;19.0;11.5;12.0;5.7;3.1;4.2;Die Bundeswahlleiterin, Zweitstimmen
DEC;Saarland;82.4;26.9;21.6;21.9;7.2;7.4;6.2;4.3;Die Bundeswahlleiterin, Zweitstimmen
DE3;Berlin;80.3;18.3;15.2;15.1;16.8;19.9;6.7;3.8;Die Bundeswahlleiterin, Zweitstimmen
DE4;Brandenburg;81.6;18.1;32.5;14.8;6.6;10.7;10.7;3.2;Die Bundeswahlleiterin, Zweitstimmen
DE8;Mecklenburg-Vorpommern;79.5;17.8;35.0;12.4;5.4;12.0;10.6;3.2;Die Bundeswahlleiterin, Zweitstimmen
DED;Sachsen;81.1;19.7;37.3;8.5;6.5;11.3;9.0;3.2;Die Bundeswahlleiterin, Zweitstimmen
DEE;Sachsen-Anhalt;77.7;19.2;37.1;11.0;4.4;10.8;11.2;3.1;Die Bundeswahlleiterin, Zweitstimmen
DEG;Thüringen;80.7;18.6;38.6;8.8;4.2;15.2;9.4;2.8;Die Bundeswahlleiterin, Zweitstimmen
