nuts;land;einkommen_eur_je_einwohner;jahr;quelle
DE1;Baden-Württemberg;29900;2023;Eurostat nama_10r_2hhinc
DE2;Bayern;31500;2023;Eurostat nama_10r_2hhinc
DE3;Berlin;26400;2023;Eurostat nama_10r_2hhinc
DE4;Brandenburg;26000;2023;Eurostat nama_10r_2hhinc
DE5;Bremen;25000;2023;Eurostat nama_10r_2hhinc
DE6;Hamburg;29900;2023;Eurostat nama_10r_2hhinc
DE7;Hessen;28900;2023;Eurostat nama_10r_2hhinc
DE8;Mecklenburg-Vorpommern;25400;2023;Eurostat nama_10r_2hhinc
DE9;Niedersachsen;27300;2023;Eurostat nama_10r_2hhinc
DEA;Nordrhein-Westfalen;27300;2023;Eurostat nama_10r_2hhinc
DEB;Rheinland-Pfalz;27600;2023;Eurostat nama_10r_2hhinc
DEC;Saarland;25000;2023;Eurostat nama_10r_2hhinc
DED;Sachsen;25300;2023;Eurostat nama_10r_2hhinc
DEE;Sachsen-Anhalt;24800;2023;Eurostat nama_10r_2hhinc
DEF;Schleswig-Holstein;28800;2023;Eurostat nama_10r_2hhinc
DEG;Thüringen;25200;2023;Eurostat nama_10r_2hhinc
