nuts;land;erwerbslosenquote_prozent;jahr;quelle
DE1;Baden-Württemberg;3.3;2025;Eurostat lfst_r_lfu3rt
DE2;Bayern;3.0;2025;Eurostat lfst_r_lfu3rt
DE3;Berlin;6.5;2025;Eurostat lfst_r_lfu3rt
DE4;Brandenburg;3.8;2025;Eurostat lfst_r_lfu3rt
DE5;Bremen;5.1;2025;Eurostat lfst_r_lfu3rt
DE6;Hamburg;5.3;2025;Eurostat lfst_r_lfu3rt
DE7;Hessen;3.4;2025;Eurostat lfst_r_lfu3rt
DE8;Mecklenburg-Vorpommern;3.5;2025;Eurostat lfst_r_lfu3rt
DE9;Niedersachsen;3.5;2025;Eurostat lfst_r_lfu3rt
DEA;Nordrhein-Westfalen;4.2;2025;Eurostat lfst_r_lfu3rt
DEB;Rheinland-Pfalz;3.4;2025;Eurostat lfst_r_lfu3rt
DEC;Saarland;4.1;2025;Eurostat lfst_r_lfu3rt
DED;Sachsen;4.8;2025;Eurostat lfst_r_lfu3rt
DEE;Sachsen-Anhalt;4.9;2025;Eurostat lfst_r_lfu3rt
DEF;Schleswig-Holstein;3.7;2025;Eurostat lfst_r_lfu3rt
DEG;Thüringen;3.7;2025;Eurostat lfst_r_lfu3rt
