ags;kreis;angebotsmiete_eur_je_m2_2024;baulandpreis_eur_je_m2_2022;wohnflaeche_m2_je_einwohner_2023;arbeitslosenquote_prozent_2023;sgb2_quote_prozent_2023;kinderarmut_je_100_unter_15_2023;kaufkraft_eur_je_einwohner_2023;hausaerzte_je_10000_einwohner_2022;krankenhausbetten_je_1000_einwohner_2022;schulabgaenger_ohne_abschluss_prozent_2023;pendlersaldo_je_100_beschaeftigte_2023;pkw_je_1000_einwohner_2023;gigabit_haushalte_prozent_2023;fahrzeit_oberzentrum_min_2021;fahrzeit_autobahn_min_2024;nah_supermarkt_prozent_2023;nah_apotheke_prozent_2023;nah_hausarzt_prozent_2023;nah_grundschule_prozent_2023;nah_haltestelle_prozent_2022
01001;Flensburg, Stadt;9.00;;42.81;7.88;12.93;20.97;26301.48;6.26;8.62;8.50;23.94;470.78;98.69;0.00;8.57;95.76;85.46;90.57;89.79;99.99
01002;Kiel, Landeshauptstadt;10.00;;39.23;7.56;14.03;24.00;26792.26;6.65;13.32;10.72;25.68;443.05;94.95;0.00;6.76;93.93;90.48;96.74;90.66;99.97
01003;Lübeck, Hansestadt;11.00;168.89;42.14;7.88;13.11;21.09;28153.49;6.82;4.36;11.07;19.53;470.55;90.73;0.00;6.11;88.65;74.80;90.79;90.85;99.55
01004;Neumünster, Stadt;9.00;114.70;44.25;8.34;13.44;21.68;27680.96;5.86;8.65;12.69;27.06;546.73;97.79;0.00;6.30;89.06;79.06;71.27;81.64;99.87
01051;Dithmarschen;8.00;48.50;56.97;5.83;9.28;15.07;29218.63;6.40;5.64;11.54;-14.79;629.36;93.05;65.59;13.79;55.27;43.47;51.69;51.47;86.80
01053;Herzogtum Lauenburg;10.00;213.68;48.12;5.19;7.73;11.80;31717.70;6.25;2.85;10.29;-57.89;592.65;97.53;31.80;10.41;63.81;46.01;58.45;51.84;94.44
01054;Nordfriesland;9.00;87.85;60.72;4.79;6.42;10.13;29796.03;6.65;4.03;11.49;-2.75;630.96;71.75;55.12;42.98;61.58;41.32;56.62;51.32;78.63
01055;Ostholstein;11.00;192.90;55.28;4.87;6.59;10.62;30418.79;6.85;9.29;10.88;-21.27;651.01;78.97;32.87;8.25;63.81;49.83;66.24;53.28;84.78
01056;Pinneberg;11.00;446.58;46.69;5.22;8.43;13.81;32018.63;6.14;2.53;8.61;-40.87;557.85;93.17;33.54;8.44;81.32;66.19;77.58;76.25;96.38
01057;Plön;10.00;212.78;51.85;4.24;6.62;10.96;30506.28;6.95;2.38;9.09;-68.59;631.03;81.95;27.39;17.31;58.50;48.50;57.05;53.73;85.55
01058;Rendsburg-Eckernförde;10.00;127.89;51.86;4.36;6.20;9.97;30948.16;6.68;3.46;10.51;-24.66;643.57;86.55;27.48;11.26;59.40;48.10;60.04;52.96;89.43
01059;Schleswig-Flensburg;9.00;106.68;55.23;5.21;6.49;9.70;29503.67;6.16;3.52;11.31;-22.34;651.24;82.34;27.44;13.75;50.94;39.99;43.01;48.04;85.26
01060;Segeberg;11.00;141.54;47.92;4.88;6.39;10.22;30640.57;5.78;6.06;8.32;-22.71;613.89;93.28;25.71;7.55;69.26;60.08;66.20;65.40;91.66
01061;Steinburg;8.00;99.68;50.90;5.67;7.90;11.71;29202.50;6.02;4.75;10.59;-28.77;629.12;92.62;42.27;9.32;64.05;50.12;61.19;57.98;89.77
01062;Stormarn;12.00;222.59;48.89;3.84;5.93;9.41;33715.12;6.04;4.47;6.89;-8.57;633.03;95.22;23.90;6.47;66.40;53.37;66.50;62.13;94.52
02000;Hamburg, Freie und Hansestadt;14.00;1077.38;41.18;7.43;12.22;19.90;31146.17;6.39;6.99;6.39;23.44;439.43;95.33;0.00;6.54;94.67;89.20;95.60;94.19;99.86
03101;Braunschweig, Stadt;9.00;411.75;46.04;5.42;9.09;14.14;30460.26;6.51;6.12;7.71;22.25;588.90;92.14;0.00;1.95;94.92;87.64;89.20;85.21;99.98
03102;Salzgitter, Stadt;6.00;141.18;45.61;9.53;15.78;24.08;27319.60;5.59;3.77;11.18;18.37;537.83;90.78;0.00;5.33;84.55;79.59;84.63;77.78;99.16
03103;Wolfsburg, Stadt;8.00;415.08;48.03;6.05;9.65;15.76;31628.11;5.61;4.27;4.70;54.97;939.94;89.03;0.00;5.38;91.41;73.78;83.04;78.95;99.95
03151;Gifhorn;9.00;136.89;56.85;4.53;6.30;9.19;31425.10;5.59;2.43;6.82;-66.92;631.78;84.86;29.27;17.45;58.69;43.21;56.78;51.95;92.10
03153;Goslar;7.00;;58.63;7.06;10.98;19.05;28865.33;7.37;8.31;8.71;-11.63;633.82;75.57;36.56;11.47;73.87;61.41;75.75;62.76;94.45
03154;Helmstedt;7.00;108.78;56.32;6.17;8.78;13.57;30321.73;6.02;10.05;6.95;-52.20;629.82;80.75;25.21;8.25;60.17;49.32;58.80;48.50;96.64
03155;Northeim;7.00;57.57;59.20;5.73;9.07;14.80;29008.51;8.06;2.99;6.94;-14.41;707.48;62.75;32.95;13.95;50.99;47.21;56.97;48.54;83.50
03157;Peine;8.00;136.79;53.20;5.69;9.13;14.64;29245.80;5.83;1.90;6.80;-69.77;633.88;97.13;18.47;7.30;62.08;48.92;65.70;63.41;97.85
03158;Wolfenbüttel;8.00;159.47;55.89;5.32;8.17;12.80;30835.33;5.90;2.55;7.36;-79.32;643.72;79.13;19.74;6.55;58.06;51.70;58.19;56.33;97.01
03159;Göttingen;10.00;74.69;51.04;6.48;7.88;13.12;28814.58;6.99;10.63;6.55;6.29;565.97;72.52;25.99;11.34;71.44;63.52;74.75;73.37;94.83
03241;Region Hannover;10.00;270.46;48.66;7.46;12.43;19.70;30088.43;6.70;6.10;7.28;12.79;522.75;92.92;18.76;7.17;86.91;79.46;85.86;81.35;99.41
03251;Diepholz;8.00;111.58;54.54;4.36;6.74;11.35;30344.00;5.29;2.20;6.57;-25.67;656.73;70.02;46.04;20.45;57.81;45.49;52.95;47.26;78.37
03252;Hameln-Pyrmont;7.00;95.53;54.17;6.99;11.48;19.55;28882.80;6.42;7.07;9.40;-9.40;624.18;87.85;42.65;23.38;68.10;60.13;65.06;66.53;92.11
03254;Hildesheim;8.00;121.03;53.68;6.87;9.86;15.65;29202.69;7.02;6.30;6.88;-14.95;609.65;91.85;18.23;11.54;67.22;58.99;69.18;64.56;95.79
03255;Holzminden;6.00;54.93;61.25;7.01;10.40;16.09;28038.59;7.47;3.21;13.11;-11.95;689.75;61.43;55.53;46.23;60.82;50.81;60.85;54.84;97.24
03256;Nienburg (Weser);8.00;58.27;56.00;5.94;9.68;16.92;28207.69;5.59;2.91;7.13;-22.46;653.44;76.56;51.87;33.36;54.25;40.41;53.66;43.66;84.72
03257;Schaumburg;8.00;91.97;55.40;5.72;7.93;12.13;29864.12;6.33;3.57;8.27;-31.02;662.72;68.84;35.67;9.20;61.48;46.22;57.22;45.50;86.98
03351;Celle;8.00;131.06;56.46;5.71;9.66;13.96;29449.16;6.61;2.97;9.13;-19.78;649.77;75.87;24.40;25.25;71.10;53.77;68.43;60.33;91.45
03352;Cuxhaven;9.00;69.00;57.08;5.65;7.48;12.14;29772.74;5.95;3.02;8.41;-44.53;643.46;83.38;26.96;11.51;56.86;44.86;56.91;55.38;64.68
03353;Harburg;11.00;260.94;52.58;4.47;5.75;9.44;33581.89;5.90;2.94;4.04;-51.98;645.19;81.60;29.68;5.86;59.27;42.95;55.29;56.47;94.50
03354;Lüchow-Dannenberg;6.00;21.99;64.38;7.78;9.73;12.86;28346.69;6.84;2.20;11.55;-16.62;673.52;99.74;69.25;53.86;40.36;23.01;41.32;30.56;52.12
03355;Lüneburg;10.00;176.44;50.85;5.84;7.87;12.43;29751.81;6.71;4.94;5.24;-17.79;599.12;90.29;26.79;13.15;65.30;52.12;68.15;58.86;94.23
03356;Osterholz;10.00;87.60;54.48;3.45;5.40;7.92;30775.60;6.20;2.08;3.96;-63.36;654.56;69.53;26.43;11.51;54.13;37.72;58.55;60.78;82.24
03357;Rotenburg (Wümme);8.00;79.88;56.70;3.77;5.04;7.91;29480.35;5.71;5.63;9.31;-19.21;718.54;67.65;44.85;16.95;51.09;34.17;42.30;42.12;77.28
03358;Heidekreis;8.00;87.00;53.78;6.33;7.90;12.54;28449.54;5.76;2.63;11.04;-14.73;638.74;82.13;46.57;8.42;62.84;46.09;53.37;53.68;74.34
03359;Stade;10.00;138.95;52.45;5.94;9.06;15.29;31298.36;5.60;4.61;8.97;-34.04;618.67;85.39;58.59;10.22;66.82;56.59;65.46;61.97;87.85
03360;Uelzen;8.00;63.35;57.96;5.34;8.06;13.39;28821.54;6.78;8.47;7.01;-14.90;635.34;76.77;43.87;41.60;54.19;47.14;54.73;50.35;79.80
03361;Verden;9.00;161.00;54.60;3.91;6.11;9.45;31281.52;6.50;1.84;4.92;-8.77;641.36;73.77;30.54;6.21;59.95;46.28;55.78;54.01;89.17
03401;Delmenhorst, Stadt;8.00;257.73;45.03;10.26;14.54;20.93;26968.13;5.73;3.52;5.80;-29.47;525.47;92.52;18.31;4.16;94.51;82.05;84.42;84.12;99.80
03402;Emden, Stadt;8.00;119.02;48.99;8.09;13.68;21.05;27218.43;6.20;7.55;9.80;43.50;512.06;91.53;51.91;3.14;82.69;61.38;70.20;85.89;99.23
03403;Oldenburg (Oldenburg), Stadt;10.00;589.09;49.70;6.34;11.12;18.69;29137.26;6.13;9.19;7.77;22.64;513.75;97.94;0.00;3.09;92.83;82.87;89.66;91.53;99.70
03404;Osnabrück, Stadt;10.00;465.19;46.99;7.22;10.99;18.74;28588.45;6.79;12.35;5.06;31.57;530.96;93.77;0.00;3.64;90.69;89.35;93.80;83.67;99.80
03405;Wilhelmshaven, Stadt;7.00;164.58;50.66;11.02;18.49;29.45;27254.64;6.82;7.75;5.78;13.79;531.02;97.66;0.00;5.45;89.84;81.83;89.81;77.25;98.88
03451;Ammerland;10.00;157.94;56.81;4.53;6.17;9.31;30661.07;7.22;7.69;7.62;-8.31;645.98;69.16;18.36;6.91;55.87;48.13;54.18;50.42;86.22
03452;Aurich;8.00;102.35;57.68;6.10;8.61;13.20;27563.63;6.34;3.51;12.08;-17.65;635.31;59.08;60.24;24.01;53.58;42.02;49.79;48.99;78.56
03453;Cloppenburg;8.00;115.55;53.64;4.21;5.62;8.54;27013.97;5.07;2.96;8.29;-5.71;601.22;77.90;39.68;17.89;58.16;40.97;51.29;58.35;60.88
03454;Emsland;8.00;124.15;56.09;3.26;4.69;6.84;28319.22;5.61;5.31;8.46;3.75;628.43;87.20;61.49;14.34;62.50;47.48;56.21;64.77;76.45
03455;Friesland;8.00;129.03;58.40;4.71;6.27;10.30;29296.25;7.22;5.10;8.60;-25.43;672.52;82.73;23.26;7.87;59.67;51.56;61.64;64.43;84.49
03456;Grafschaft Bentheim;9.00;135.49;52.45;3.22;5.83;8.91;27741.30;5.30;4.04;10.65;-6.32;607.53;97.13;62.56;12.46;67.93;63.27;65.50;66.53;84.07
03457;Leer;8.00;84.26;56.58;5.78;6.98;10.56;27150.51;6.36;4.60;8.27;-31.64;630.18;85.09;44.84;11.56;54.83;45.23;55.92;55.70;71.85
03458;Oldenburg;9.00;162.75;54.31;3.41;5.52;8.74;30459.74;6.13;1.97;6.14;-40.88;654.52;72.59;23.85;5.65;57.75;48.11;55.02;51.48;77.28
03459;Osnabrück;8.00;132.21;53.73;3.36;4.56;6.88;29253.53;6.19;4.72;9.67;-21.67;663.67;76.50;26.39;9.20;63.22;53.55;61.39;59.50;85.71
03460;Vechta;9.00;160.32;54.86;3.73;5.72;8.41;28921.87;5.74;7.00;8.56;10.03;621.10;80.76;34.62;7.77;63.98;50.59;55.12;65.09;57.55
03461;Wesermarsch;7.00;91.09;54.54;6.61;9.32;15.08;28567.42;5.97;2.28;5.83;-13.49;610.13;78.63;27.27;18.05;60.76;46.07;56.36;65.80;89.79
03462;Wittmund;8.00;73.65;61.36;6.21;8.61;13.90;27575.64;7.06;3.00;6.89;-30.80;665.93;49.61;36.76;26.31;46.74;34.93;40.82;37.26;70.65
04011;Bremen, Stadt;11.00;145.76;42.14;9.96;16.30;27.05;28360.78;6.08;6.74;9.42;26.61;423.26;94.82;0.00;4.04;95.77;90.38;93.96;93.75;99.77
04012;Bremerhaven, Stadt;7.00;73.11;43.09;14.08;21.08;31.69;25736.53;5.83;7.84;11.39;7.51;439.45;96.79;0.00;4.38;92.66;88.56;94.84;93.24;99.97
05111;Düsseldorf, Stadt;13.00;;44.16;7.00;10.93;17.11;34535.10;6.41;6.86;5.00;41.37;521.71;92.82;0.00;4.25;96.63;93.64;94.28;93.98;99.94
05112;Duisburg, Stadt;8.00;426.70;39.34;12.77;18.13;28.63;26129.42;5.36;8.54;8.55;-3.29;471.20;72.96;0.00;3.43;94.54;85.56;93.10;94.65;99.80
05113;Essen, Stadt;9.00;358.02;43.05;10.55;18.57;30.23;29980.84;5.96;8.37;8.29;18.88;514.40;80.63;0.00;4.19;94.75;91.44;95.50;94.50;99.93
05114;Krefeld, Stadt;9.00;515.86;44.64;10.50;14.68;22.12;29892.37;6.57;8.58;9.20;8.75;528.65;88.75;0.00;5.95;90.15;84.18;93.20;90.37;99.79
05116;Mönchengladbach, Stadt;9.00;379.13;45.07;9.70;16.09;25.95;28849.46;6.17;7.08;9.17;3.55;534.81;83.25;0.00;4.48;86.95;82.30;85.82;88.66;99.51
05117;Mülheim an der Ruhr, Stadt;8.00;442.95;45.57;8.14;15.14;24.51;32359.40;5.72;4.63;4.55;-2.08;549.90;85.96;13.12;4.86;92.11;89.81;89.57;91.68;99.79
05119;Oberhausen, Stadt;8.00;254.43;41.73;10.45;16.56;25.20;28211.28;5.32;5.25;9.16;-10.52;532.42;76.86;13.20;3.50;95.69;87.84;89.91;95.44;99.97
05120;Remscheid, Stadt;7.00;;43.90;7.61;12.04;19.70;29922.25;6.07;8.95;7.14;5.89;560.29;73.87;22.29;5.12;83.70;74.97;88.72;91.51;99.64
05122;Solingen, Klingenstadt;8.00;301.29;43.00;7.81;11.25;17.90;30479.77;5.65;5.10;6.21;-21.83;594.57;56.91;19.20;10.50;88.47;78.51;87.42;85.92;99.56
05124;Wuppertal, Stadt;8.00;304.36;43.32;9.51;16.82;26.40;29038.24;5.90;5.95;6.89;-2.35;498.01;82.31;0.00;4.10;88.31;80.26;90.87;91.44;99.82
05154;Kleve;8.00;170.50;49.94;5.57;6.25;9.62;28346.73;5.40;5.31;8.23;-13.50;629.90;77.80;39.44;9.04;69.66;57.71;69.43;69.29;88.80
05158;Mettmann;10.00;413.19;46.46;6.42;10.31;16.36;32455.52;6.15;4.37;5.77;2.50;615.21;90.97;17.74;3.54;90.20;81.17;90.40;90.01;99.61
05162;Rhein-Kreis Neuss;10.00;484.24;47.02;5.63;8.51;13.17;32909.93;6.03;4.44;4.10;-14.42;610.30;82.57;15.99;3.71;83.59;79.06;85.05;86.22;99.30
05166;Viersen;9.00;186.46;49.23;5.63;7.35;10.99;30760.02;6.14;4.65;5.82;-19.32;648.33;83.90;15.39;3.88;79.54;70.18;73.17;73.46;96.55
05170;Wesel;8.00;207.59;47.42;6.81;9.21;13.97;30218.87;5.68;6.11;6.61;-22.57;642.11;79.63;25.84;5.27;81.93;71.45;78.11;77.31;95.19
05314;Bonn, Stadt;12.00;889.09;45.66;6.82;11.14;18.72;32325.20;6.52;13.23;3.46;33.43;542.93;93.66;0.00;3.73;93.75;95.19;98.01;93.93;100.00
05315;Köln, Stadt;14.00;990.85;43.04;8.66;13.49;21.92;31166.59;6.54;6.72;5.83;27.56;481.85;89.56;0.00;3.49;97.07;91.94;96.79;95.77;99.99
05316;Leverkusen, Stadt;11.00;429.97;42.39;7.26;12.31;19.99;29988.76;6.52;5.25;4.34;0.88;545.38;86.90;20.54;5.25;92.59;89.37;92.10;90.31;99.90
05334;Städteregion Aachen;10.00;167.02;43.54;7.38;10.16;16.62;28984.98;6.36;6.34;6.08;3.48;516.15;81.31;16.69;5.84;85.65;80.49;86.94;85.64;99.80
05358;Düren;8.00;194.36;48.23;7.06;9.54;14.78;29415.03;6.10;6.53;5.86;-18.42;603.46;70.87;26.96;8.05;61.39;52.29;64.82;66.71;98.38
05362;Rhein-Erft-Kreis;11.00;404.01;47.36;6.14;8.64;13.42;31044.10;6.09;2.62;4.57;-30.08;606.36;73.69;20.20;5.09;84.36;74.63;87.00;82.32;99.65
05366;Euskirchen;9.00;122.67;51.95;5.64;6.46;10.34;29719.43;6.29;5.99;6.53;-29.55;750.76;56.55;43.84;8.38;49.00;43.27;52.05;52.83;82.77
05370;Heinsberg;8.00;160.47;51.78;5.41;7.23;11.23;28829.41;6.18;3.84;6.76;-28.19;636.88;76.43;25.10;6.57;62.57;53.13;64.15;64.51;98.49
05374;Oberbergischer Kreis;8.00;106.42;49.60;5.31;6.90;10.13;30117.84;5.44;5.54;5.03;-4.47;664.66;47.15;33.37;9.81;60.48;50.32;58.28;57.98;90.92
05378;Rheinisch-Bergischer Kreis;10.00;393.85;51.54;5.64;8.23;12.03;34357.48;5.99;4.06;4.07;-45.01;651.60;47.68;25.84;6.18;73.99;63.64;74.26;72.93;97.58
05382;Rhein-Sieg-Kreis;10.00;261.66;50.10;5.43;7.41;11.38;31792.47;6.31;2.13;4.82;-39.40;619.78;63.08;22.25;5.97;72.61;67.53;74.49;73.54;96.77
05512;Bottrop, Stadt;8.00;283.50;43.18;7.72;11.46;18.03;29216.61;5.35;5.85;4.69;-32.89;589.60;91.63;19.21;4.20;89.52;82.53;91.99;89.54;99.24
05513;Gelsenkirchen, Stadt;7.00;228.58;39.43;14.63;23.74;36.67;26521.32;5.38;8.64;13.01;-7.37;465.59;91.84;19.49;4.14;97.90;90.45;96.39;94.65;99.91
05515;Münster, Stadt;13.00;668.55;47.73;4.90;7.85;13.98;31379.54;6.52;11.10;5.85;31.71;492.78;87.20;0.00;9.19;92.63;90.49;90.82;88.82;99.13
05554;Borken;8.00;195.53;48.76;4.23;5.15;7.72;29308.13;5.36;5.02;6.44;-1.85;613.15;85.23;49.45;10.53;81.21;66.85;71.84;75.98;86.54
05558;Coesfeld;9.00;248.20;49.60;3.46;5.02;7.94;31435.24;6.40;4.18;5.21;-25.99;635.35;89.50;28.90;9.67;77.64;60.82;71.36;72.72;86.67
05562;Recklinghausen;7.00;267.88;45.60;8.13;14.13;21.46;29672.69;5.51;6.42;6.69;-29.92;580.03;86.18;25.11;4.44;89.31;78.47;87.12;84.70;99.19
05566;Steinfurt;9.00;194.22;50.67;4.55;5.95;9.42;29225.75;6.20;4.60;6.01;-15.12;627.68;89.53;28.59;8.95;78.67;62.87;69.85;71.87;90.81
05570;Warendorf;8.00;;49.70;5.40;6.78;10.59;30247.55;5.79;4.62;5.14;-22.02;630.79;89.30;31.99;14.52;78.52;64.65;72.12;75.06;90.49
05711;Bielefeld, Stadt;9.00;326.16;44.77;8.25;12.98;20.18;28877.58;5.45;9.86;7.87;20.08;537.49;87.07;0.00;6.48;87.95;76.27;82.61;81.84;99.61
05754;Gütersloh;9.00;303.96;49.32;4.42;5.98;9.55;30311.07;4.98;3.66;4.65;10.71;651.39;76.92;21.38;6.98;74.52;56.51;62.47;71.56;91.90
05758;Herford;8.00;146.19;49.52;5.65;7.97;12.65;30418.31;4.93;4.40;4.74;-9.86;651.74;75.89;26.52;4.75;69.72;60.15;66.85;68.68;92.74
05762;Höxter;7.00;;55.14;4.34;6.27;10.16;29079.54;6.15;7.05;6.42;-26.22;658.80;55.56;37.78;27.53;59.63;47.18;54.84;46.06;95.58
05766;Lippe;8.00;;50.12;5.19;9.15;13.56;30484.35;5.18;3.98;7.41;-17.76;634.09;68.95;33.77;17.62;65.58;56.81;63.25;62.49;97.24
05770;Minden-Lübbecke;9.00;109.84;50.52;5.85;9.34;15.16;29715.25;5.77;6.70;7.60;2.26;644.83;79.03;42.51;14.31;62.64;53.56;62.87;55.69;88.46
05774;Paderborn;9.00;213.02;48.42;5.38;7.60;11.40;29347.26;5.32;5.58;4.94;-1.92;598.67;92.15;16.01;6.82;79.90;64.57;73.51;75.82;96.41
05911;Bochum, Stadt;8.00;331.46;44.29;8.65;14.37;23.31;28640.08;6.03;10.09;6.44;4.79;599.89;91.89;0.00;3.08;93.45;85.64;93.65;91.62;99.99
05913;Dortmund, Stadt;9.00;426.92;42.26;11.46;17.96;29.27;28131.37;5.41;6.56;9.56;13.38;495.47;78.16;0.00;5.48;94.27;84.98;91.17;91.12;99.93
05914;Hagen, Stadt der FernUniversität;7.00;;43.68;11.38;17.22;27.98;27999.47;5.92;8.09;7.05;-2.80;523.71;87.06;0.00;4.75;88.24;81.23;88.37;90.88;99.65
05915;Hamm, Stadt;7.00;224.96;43.37;8.55;11.70;13.40;27426.33;4.83;9.37;6.91;-10.98;555.68;73.58;39.58;8.94;91.85;75.97;83.05;82.22;97.92
05916;Herne, Stadt;7.00;;41.81;11.02;18.30;28.19;26899.51;5.58;10.51;7.89;-18.21;504.53;81.24;11.71;2.43;96.58;79.70;92.24;95.20;99.99
05954;Ennepe-Ruhr-Kreis;8.00;267.98;48.89;6.95;10.76;17.05;31187.60;5.84;5.34;5.98;-16.19;641.55;63.93;16.32;5.58;77.86;71.76;79.70;82.05;98.32
05958;Hochsauerlandkreis;7.00;80.09;53.60;4.41;6.27;9.86;30220.32;5.86;8.17;5.85;-0.57;657.10;82.22;47.65;12.72;60.02;44.10;57.63;63.11;94.59
05962;Märkischer Kreis;7.00;138.86;47.61;7.01;9.86;14.88;30365.81;5.61;6.04;8.18;-2.89;627.67;78.84;25.39;8.60;74.84;59.38;72.07;74.41;96.58
05966;Olpe;8.00;;52.71;4.13;5.22;8.03;31845.18;5.87;6.03;9.15;3.92;689.50;59.37;30.73;14.49;53.94;40.96;55.10;61.28;88.78
05970;Siegen-Wittgenstein;8.00;107.30;50.60;5.50;8.39;13.10;30127.46;5.55;7.53;6.19;3.03;652.46;70.67;22.23;11.66;60.91;49.43;60.35;64.51;97.47
05974;Soest;8.00;138.43;51.29;5.47;7.17;10.83;30318.03;5.66;7.07;5.48;-9.68;650.51;85.40;36.80;8.37;68.89;55.30;64.43;66.17;87.84
05978;Unna;8.00;171.53;46.38;7.18;10.73;16.46;29324.51;5.50;6.89;6.94;-14.24;612.98;76.55;24.19;5.05;84.40;74.00;76.84;77.01;98.25
06411;Darmstadt, Wissenschaftsstadt;14.00;1171.55;40.11;5.42;9.86;18.56;31153.98;6.58;9.79;5.96;39.28;443.00;96.57;0.00;6.17;94.96;92.13;95.69;95.72;99.93
06412;Frankfurt am Main, Stadt;16.00;1877.82;40.25;5.90;10.22;16.95;32741.92;6.10;7.01;6.27;46.94;463.77;93.41;0.00;3.00;99.31;98.34;98.51;98.01;100.00
06413;Offenbach am Main, Stadt;13.00;1208.86;37.26;8.82;12.67;20.48;27182.12;6.19;8.18;8.94;-22.76;448.95;91.99;0.00;5.22;99.67;94.08;96.77;96.56;100.00
06414;Wiesbaden, Landeshauptstadt;12.00;797.14;43.20;8.05;13.09;21.58;32194.11;6.57;6.36;7.27;21.92;741.92;80.72;0.00;4.44;93.07;86.99;94.23;93.06;99.94
06431;Bergstraße;11.00;281.37;50.37;4.32;6.82;11.60;31179.61;5.98;3.18;5.53;-41.80;643.61;69.88;25.07;8.10;72.10;67.45;71.52;72.86;96.02
06432;Darmstadt-Dieburg;12.00;468.46;48.61;4.70;6.49;10.92;31366.57;5.04;1.38;5.76;-52.05;628.51;70.56;18.13;11.05;78.82;72.72;79.26;80.40;98.83
06433;Groß-Gerau;12.00;583.07;45.11;5.72;8.89;14.69;28858.53;5.79;3.05;6.07;-15.26;587.68;71.95;15.43;4.70;90.42;85.98;91.99;88.87;99.19
06434;Hochtaunuskreis;12.00;526.73;50.31;4.33;6.44;10.00;40684.59;5.74;5.21;3.78;8.34;681.60;78.68;26.23;7.62;83.46;78.91;87.44;83.58;99.64
06435;Main-Kinzig-Kreis;11.00;192.82;49.33;5.17;7.86;13.19;29897.98;5.97;3.96;6.11;-23.83;629.64;62.78;23.81;4.73;79.93;70.80;80.16;77.58;96.06
06436;Main-Taunus-Kreis;13.00;745.89;48.53;4.91;6.25;10.06;35996.35;5.54;2.94;4.03;6.75;780.92;71.83;17.16;4.01;85.75;88.20;96.25;91.61;99.85
06437;Odenwaldkreis;9.00;95.05;54.49;4.79;7.11;11.63;28584.96;6.74;5.17;7.36;-35.68;673.28;46.95;38.58;32.95;47.40;51.52;55.30;57.01;86.81
06438;Offenbach;12.00;680.31;45.23;4.81;7.74;12.98;32287.64;5.72;1.91;4.02;-9.24;615.71;77.43;13.71;4.79;92.26;89.39;93.50;88.05;99.78
06439;Rheingau-Taunus-Kreis;10.00;277.29;52.38;4.78;6.80;11.91;33031.98;6.04;3.19;6.19;-56.81;663.75;69.31;24.51;11.31;56.08;55.09;65.90;58.49;97.26
06440;Wetteraukreis;11.00;261.28;50.73;4.25;6.25;9.85;31502.03;6.56;4.30;6.21;-40.12;633.56;69.28;26.80;7.36;69.17;53.66;72.04;68.45;99.27
06531;Gießen;10.00;185.23;50.24;5.46;9.70;16.64;28221.92;6.96;8.95;4.33;-1.03;587.27;66.04;18.08;6.15;68.83;62.37;75.74;71.00;97.52
06532;Lahn-Dill-Kreis;9.00;116.82;52.28;5.67;8.64;14.71;29299.90;6.50;6.73;6.01;-3.65;652.84;51.90;16.92;7.26;61.70;54.75;66.39;64.72;95.87
06533;Limburg-Weilburg;9.00;114.64;53.78;4.73;7.05;11.91;29972.76;6.13;5.31;7.40;-19.16;656.77;76.76;29.64;9.91;59.06;48.74;59.66;58.89;94.41
06534;Marburg-Biedenkopf;10.00;100.40;51.12;4.49;6.82;11.29;27955.65;6.37;6.66;6.31;-1.77;598.60;54.88;18.60;18.54;59.47;56.10;65.15;64.51;90.63
06535;Vogelsbergkreis;8.00;48.98;59.69;4.38;5.57;9.51;28585.62;6.25;6.40;6.54;-27.18;720.37;55.03;32.03;13.32;48.52;38.86;43.99;38.41;68.84
06611;Kassel, documenta-Stadt;9.00;262.17;43.63;8.16;15.31;26.89;27212.63;6.73;13.08;8.82;32.09;462.85;82.77;0.00;8.04;97.57;90.76;96.26;93.68;99.99
06631;Fulda;10.00;95.93;52.20;3.34;5.35;9.21;28805.12;6.83;6.76;6.10;4.80;657.41;68.12;18.23;8.85;60.77;51.57;56.96;67.46;85.30
06632;Hersfeld-Rotenburg;7.00;42.91;54.45;4.11;6.27;11.54;28017.83;6.83;8.24;6.68;2.16;681.84;62.93;40.25;8.42;56.50;38.84;48.80;54.79;90.01
06633;Kassel;8.00;106.61;54.37;4.45;6.44;10.73;29792.43;6.36;4.04;4.48;-22.08;662.85;62.40;24.34;10.82;72.43;62.84;73.08;65.95;98.21
06634;Schwalm-Eder-Kreis;7.00;62.87;54.94;4.41;5.81;10.36;28458.60;5.92;3.76;7.99;-25.82;671.84;62.68;33.05;7.08;52.01;43.27;51.23;49.91;78.53
06635;Waldeck-Frankenberg;7.00;53.82;56.67;4.07;5.97;9.78;28385.72;6.34;11.33;6.67;-0.92;688.33;57.64;41.39;26.77;55.62;43.06;56.03;52.94;85.83
06636;Werra-Meißner-Kreis;6.00;49.81;55.69;5.18;7.86;12.31;27795.82;5.99;6.35;7.80;-32.49;647.44;72.97;39.08;8.78;57.85;46.85;54.42;49.45;82.41
07111;Koblenz, kreisfreie Stadt;10.00;553.48;47.93;6.11;10.26;17.64;29594.65;6.91;16.62;6.57;43.77;568.69;78.10;0.00;6.89;79.03;84.74;96.53;94.86;99.94
07131;Ahrweiler;9.00;118.54;57.39;3.68;4.87;7.60;29899.60;6.27;3.63;6.51;-34.78;673.04;63.72;33.00;8.17;52.25;46.65;63.50;51.35;89.21
07132;Altenkirchen (Westerwald);8.00;56.54;53.41;5.17;6.39;9.93;28195.12;6.06;2.73;8.52;-33.06;649.77;16.80;32.98;20.50;50.52;36.95;48.52;48.72;92.88
07133;Bad Kreuznach;9.00;136.63;53.15;6.08;7.81;11.75;29787.90;6.05;5.96;8.95;-15.63;623.09;73.51;44.17;15.56;51.14;45.51;64.45;57.76;89.79
07134;Birkenfeld;7.00;40.54;58.51;6.51;9.12;16.44;28325.84;6.38;7.60;10.58;-13.87;641.23;63.25;52.75;21.33;44.39;41.00;49.73;38.77;93.28
07135;Cochem-Zell;7.00;45.31;63.90;3.99;5.32;9.31;28922.45;5.69;5.72;7.37;-19.54;689.79;17.28;43.31;15.04;36.52;32.40;38.57;48.19;75.21
07137;Mayen-Koblenz;8.00;129.65;55.02;3.67;5.65;9.10;30084.21;5.79;3.33;7.11;-19.01;656.80;68.58;22.58;5.98;65.37;57.41;72.05;79.38;97.95
07138;Neuwied;9.00;139.35;52.93;5.07;7.05;10.64;29825.90;6.32;7.01;10.05;-13.75;653.05;64.20;27.84;9.76;56.55;55.54;66.17;65.23;92.59
07140;Rhein-Hunsrück-Kreis;8.00;80.14;58.18;3.79;5.19;8.35;29865.19;6.18;2.17;10.54;-7.86;681.13;50.99;42.13;13.24;42.82;41.16;47.00;46.99;84.40
07141;Rhein-Lahn-Kreis;8.00;108.84;55.47;3.70;5.59;9.09;29329.44;5.93;6.43;11.17;-46.00;651.31;63.17;32.25;19.55;49.01;39.45;50.24;48.14;83.49
07143;Westerwaldkreis;8.00;67.44;56.77;3.31;4.41;7.31;29876.13;5.78;2.58;10.01;-17.68;678.66;48.57;31.51;12.90;40.03;34.26;43.79;48.58;79.36
07211;Trier, kreisfreie Stadt;10.00;551.41;51.98;6.19;9.56;16.80;25443.99;6.56;14.41;6.54;35.07;526.13;82.13;0.00;9.44;84.75;81.94;84.28;94.39;99.74
07231;Bernkastel-Wittlich;8.00;75.42;61.66;3.78;5.12;9.02;28632.37;5.91;5.64;10.29;-6.97;679.40;62.22;37.76;12.13;43.62;27.89;46.61;56.27;74.03
07232;Eifelkreis Bitburg-Prüm;9.00;;64.20;2.60;3.98;6.78;25627.56;5.03;4.60;10.79;-7.23;686.04;22.89;50.24;13.76;34.39;30.79;33.40;40.13;67.22
07233;Vulkaneifel;8.00;43.26;64.69;4.21;4.48;6.98;28246.20;6.57;3.87;7.04;-17.31;718.60;26.86;52.73;13.53;35.30;26.87;38.27;38.72;59.44
07235;Trier-Saarburg;9.00;179.72;60.18;2.87;3.35;5.18;26969.17;5.30;2.10;11.93;-50.08;689.58;57.50;26.68;12.59;35.08;31.20;48.78;57.67;91.67
07311;Frankenthal (Pfalz), kreisfreie Stadt;11.00;430.00;46.75;7.30;10.16;15.74;28406.54;6.51;6.60;9.93;9.80;560.69;96.80;11.74;3.36;93.15;92.30;90.50;96.87;99.66
07312;Kaiserslautern, kreisfreie Stadt;10.00;269.18;51.02;8.06;11.48;19.26;27410.19;5.78;10.88;9.24;30.98;494.49;89.75;0.00;6.20;75.11;73.49;87.81;91.21;99.82
07313;Landau in der Pfalz, kreisfreie Stadt;11.00;394.75;52.03;5.26;8.01;14.67;29314.40;6.49;15.13;10.57;27.70;585.56;97.65;29.25;3.99;84.01;69.89;86.11;89.88;99.86
07314;Ludwigshafen am Rhein, kreisfreie Stadt;11.00;284.60;41.69;8.94;13.49;21.31;27915.49;6.33;11.71;14.19;33.06;481.54;97.69;0.00;3.24;97.43;94.34;99.55;96.22;99.98
07315;Mainz, kreisfreie Stadt;13.00;1328.48;42.98;5.28;8.40;14.69;31059.55;5.71;9.97;4.11;25.07;451.39;90.11;0.00;3.80;98.55;95.15;98.67;93.71;99.99
07316;Neustadt an der Weinstraße, kreisfreie Stadt;10.00;509.23;56.21;6.08;9.55;14.86;30341.27;5.41;5.04;6.05;-19.11;637.35;89.81;23.19;4.01;78.67;67.93;79.20;86.38;99.70
07317;Pirmasens, kreisfreie Stadt;7.00;93.58;56.12;11.52;15.90;25.37;26678.43;6.29;15.05;16.50;25.99;585.43;78.71;37.91;5.77;79.84;70.15;84.71;84.84;99.86
07318;Speyer, kreisfreie Stadt;11.00;995.40;48.88;5.70;7.64;10.76;31712.26;6.42;14.11;4.39;37.65;592.73;99.98;21.56;4.38;94.82;92.50;94.22;89.96;99.44
07319;Worms, kreisfreie Stadt;10.00;432.04;46.16;7.94;10.62;17.61;28141.04;5.45;8.15;9.27;0.29;535.79;90.52;20.62;6.26;81.05;77.06;90.76;90.02;99.95
07320;Zweibrücken, kreisfreie Stadt;7.00;105.25;55.49;6.54;9.67;14.94;27806.37;6.54;0.00;11.17;16.71;647.85;70.43;26.02;2.67;80.14;64.10;67.22;77.58;98.93
07331;Alzey-Worms;10.00;237.71;54.65;4.01;5.44;8.71;30699.40;6.22;4.78;6.47;-66.47;671.34;64.23;26.97;5.87;52.35;48.98;59.27;61.86;96.22
07332;Bad Dürkheim;10.00;351.61;57.68;4.15;4.98;8.38;32263.32;6.17;3.94;10.64;-65.26;689.52;53.09;21.56;5.73;56.73;56.37;75.15;73.32;94.62
07333;Donnersbergkreis;9.00;129.52;57.62;5.33;6.01;9.22;29017.74;4.98;2.71;11.72;-40.27;691.29;44.23;28.88;8.33;37.78;33.34;49.49;54.87;85.62
07334;Germersheim;10.00;400.34;52.58;4.15;5.31;8.95;29867.37;5.21;2.54;4.09;-23.35;641.12;78.21;21.69;8.86;72.29;73.45;83.38;83.27;99.06
07335;Kaiserslautern;9.00;167.70;70.65;5.00;5.99;8.89;29097.48;6.56;5.02;9.08;-53.14;658.56;51.34;18.50;6.58;51.19;53.82;53.87;64.32;92.34
07336;Kusel;8.00;56.86;65.79;4.53;7.03;11.27;28427.95;5.78;0.00;7.86;-112.69;685.09;63.18;32.98;11.84;36.97;35.26;43.18;40.10;84.50
07337;Südliche Weinstraße;9.00;295.63;58.14;4.24;5.46;8.79;31081.93;6.11;6.30;5.67;-38.09;694.65;71.87;32.94;8.97;44.65;47.78;64.29;59.78;97.12
07338;Rhein-Pfalz-Kreis;11.00;533.96;54.31;4.00;4.87;7.34;31703.71;5.29;0.00;7.03;-122.57;660.76;91.66;15.66;5.00;77.96;79.31;87.13;85.96;93.35
07339;Mainz-Bingen;10.00;328.45;57.14;4.21;5.59;8.74;34315.12;6.54;0.74;7.23;-46.66;697.59;70.15;24.32;6.35;67.97;64.10;76.54;76.58;97.93
07340;Südwestpfalz;7.00;73.88;66.35;4.02;3.35;5.77;29291.59;6.66;0.85;3.80;-140.36;755.17;49.00;42.96;12.63;39.61;38.70;52.89;49.00;93.88
08111;Stuttgart, Stadtkreis;15.00;2482.02;40.68;5.06;8.05;13.10;32874.30;5.92;7.70;6.50;39.44;488.81;86.13;0.00;8.85;93.30;86.37;96.58;96.30;99.99
08115;Böblingen;13.00;715.21;46.36;3.40;4.79;7.93;33025.37;5.19;2.96;6.17;7.28;662.26;81.43;24.12;5.38;88.93;79.25;88.04;89.85;99.59
08116;Esslingen;13.00;634.00;45.64;3.75;5.29;8.75;32631.95;5.62;3.53;5.11;-4.89;637.38;71.61;23.28;7.08;86.29;80.99;90.05;92.83;99.86
08117;Göppingen;10.00;251.76;46.86;4.42;6.06;10.24;30623.35;5.35;4.45;7.43;-22.68;653.50;79.47;36.12;16.44;78.04;71.56;78.63;88.78;98.84
08118;Ludwigsburg;13.00;664.34;46.11;3.57;4.90;8.09;32907.00;6.21;2.67;6.93;-12.62;629.16;80.39;23.69;7.55;90.66;80.90;86.60;90.44;99.65
08119;Rems-Murr-Kreis;13.00;337.16;45.12;3.79;5.71;9.25;32359.92;5.49;3.17;7.72;-19.99;616.20;75.97;32.05;24.80;78.95;73.24;83.77;86.55;97.75
08121;Heilbronn, Stadtkreis;12.00;743.67;40.80;5.46;7.90;12.37;35299.18;6.14;7.60;8.70;24.62;524.29;78.74;0.00;8.71;93.46;89.75;98.08;93.42;99.93
08125;Heilbronn;11.00;317.84;48.34;3.39;4.57;7.41;31985.72;5.36;3.26;7.00;-4.62;710.04;76.88;21.02;9.40;68.51;60.59;72.94;83.16;98.36
08126;Hohenlohekreis;10.00;200.01;49.83;3.07;3.05;4.71;30847.86;5.72;1.79;6.78;14.79;747.41;70.74;36.89;8.93;55.86;34.81;51.53;54.78;94.81
08127;Schwäbisch Hall;10.00;125.02;49.32;3.35;4.29;6.84;30280.96;6.03;3.85;6.11;-2.43;671.03;64.52;44.37;13.28;57.15;44.99;57.44;64.03;92.41
08128;Main-Tauber-Kreis;9.00;92.38;54.02;3.13;4.13;7.10;30102.50;6.17;8.00;4.85;-1.68;687.47;54.17;38.10;13.08;55.89;49.93;57.98;62.54;86.53
08135;Heidenheim;10.00;187.84;47.42;4.28;5.29;8.44;29775.92;5.75;3.49;8.19;-8.66;640.70;60.96;26.30;8.81;81.05;64.29;76.48;83.90;95.64
08136;Ostalbkreis;10.00;155.97;49.29;3.38;4.53;7.16;31080.28;5.65;3.38;6.67;-1.30;662.55;62.87;34.11;18.32;68.50;52.23;65.98;79.54;96.30
08211;Baden-Baden, Stadtkreis;11.00;;53.83;6.07;8.19;14.08;35090.53;7.76;13.94;5.89;31.96;637.65;57.34;29.23;6.61;80.69;79.88;92.23;84.70;99.60
08212;Karlsruhe, Stadtkreis;12.00;1019.50;43.27;4.58;6.22;10.53;30438.97;5.76;7.18;6.45;32.35;459.13;94.94;0.00;5.52;95.63;92.21;98.99;95.14;99.89
08215;Karlsruhe;11.00;408.05;50.20;3.52;4.32;7.22;31437.99;5.37;1.95;6.26;-19.81;629.45;75.81;21.51;9.50;75.62;75.75;86.93;88.99;98.87
08216;Rastatt;10.00;199.26;50.40;3.77;5.18;8.60;30731.14;5.79;1.56;8.92;-13.29;663.95;67.10;28.96;7.66;79.51;69.48;80.58;87.90;96.09
08221;Heidelberg, Stadtkreis;14.00;518.29;42.02;4.78;5.23;9.25;31392.38;6.95;21.98;2.65;41.71;393.76;91.54;0.00;5.81;94.92;93.47;95.99;94.07;98.71
08222;Mannheim, Stadtkreis;12.00;;42.81;7.17;11.32;19.43;27660.43;6.45;7.41;8.69;31.66;493.83;95.19;0.00;4.09;96.81;94.52;98.13;94.58;99.90
08225;Neckar-Odenwald-Kreis;9.00;107.52;53.06;3.68;4.19;6.71;29509.76;5.56;3.47;8.82;-29.35;666.13;40.75;43.83;21.05;57.88;51.23;65.00;64.86;94.19
08226;Rhein-Neckar-Kreis;11.00;401.59;50.56;4.07;5.47;8.48;31985.60;6.24;2.73;6.73;-24.71;642.61;77.34;22.33;6.32;84.04;81.89;88.23;88.50;98.75
08231;Pforzheim, Stadtkreis;10.00;613.33;39.91;6.13;10.54;16.83;29657.08;5.74;7.79;7.57;10.01;471.73;87.29;0.00;5.57;93.36;88.48;93.14;93.87;99.99
08235;Calw;10.00;205.07;49.55;3.61;4.21;6.82;30731.53;5.53;7.09;6.46;-41.32;676.54;65.32;33.61;20.20;57.66;42.04;57.68;71.82;97.46
08236;Enzkreis;10.00;348.92;50.16;2.92;3.90;6.26;32160.37;5.18;1.46;8.63;-33.30;681.74;58.83;15.05;8.99;68.44;58.83;75.07;82.18;99.60
08237;Freudenstadt;9.00;156.26;49.52;3.45;3.93;6.15;31182.55;5.80;3.77;8.04;-8.63;654.75;59.00;47.67;23.70;49.88;44.13;57.89;67.85;89.73
08311;Freiburg im Breisgau, Stadtkreis;14.00;2886.60;39.35;5.16;7.42;12.79;28160.73;7.99;11.34;10.06;34.16;402.77;86.89;0.00;7.47;95.45;96.95;97.67;97.21;99.89
08315;Breisgau-Hochschwarzwald;11.00;266.37;48.26;3.17;4.52;7.19;31209.98;6.28;3.36;4.20;-26.73;598.90;51.76;25.32;12.28;64.33;56.75;74.69;76.77;93.59
08316;Emmendingen;11.00;353.94;48.27;2.80;4.17;6.65;30223.77;6.59;6.04;7.47;-28.15;616.90;54.26;24.24;9.44;72.69;67.28;77.08;80.22;97.04
08317;Ortenaukreis;11.00;247.03;48.37;3.59;4.91;8.38;29741.52;6.34;4.56;5.89;1.47;632.39;64.53;22.04;11.20;68.14;55.45;71.51;82.11;91.49
08325;Rottweil;9.00;145.81;52.62;3.05;3.52;6.31;30477.79;5.14;5.67;8.07;-3.12;688.86;70.79;28.98;11.14;58.00;47.52;62.91;70.53;97.00
08326;Schwarzwald-Baar-Kreis;9.00;158.48;49.11;4.04;5.31;8.68;30404.05;5.91;6.14;6.63;-3.19;630.64;80.19;16.81;14.08;72.65;62.04;74.86;80.78;97.63
08327;Tuttlingen;10.00;141.09;48.37;4.02;4.44;7.33;31723.45;4.52;2.24;7.82;7.90;635.25;84.88;33.31;14.63;68.85;55.38;67.87;76.20;98.59
08335;Konstanz;12.00;363.25;47.64;3.71;5.47;9.72;30302.64;6.04;5.64;8.82;-3.78;566.32;67.16;29.72;13.66;77.19;64.29;76.77;81.83;98.28
08336;Lörrach;12.00;299.15;47.65;4.32;5.64;9.13;31715.72;5.41;3.52;6.80;1.26;586.95;68.97;19.22;6.69;72.13;67.08;72.59;82.03;93.71
08337;Waldshut;10.00;135.25;53.20;3.99;4.73;7.47;30260.13;5.40;3.92;7.65;-3.52;643.28;40.11;47.18;10.73;62.25;46.32;55.09;71.03;94.41
08415;Reutlingen;12.00;292.49;46.60;3.89;5.11;8.67;31173.80;6.08;3.69;6.73;-7.06;625.39;70.13;23.01;27.34;78.15;70.86;78.48;81.94;98.68
08416;Tübingen;12.00;326.32;44.99;3.17;4.12;7.48;30522.64;6.02;8.42;4.93;-1.93;553.91;71.38;13.36;18.70;76.63;69.52;85.16;88.63;99.72
08417;Zollernalbkreis;9.00;157.92;51.27;4.21;4.24;6.99;31220.51;4.94;2.72;4.58;-13.75;678.67;50.65;37.95;27.54;60.18;50.92;68.47;72.30;97.40
08421;Ulm, Stadtkreis;12.00;268.43;43.08;3.96;5.89;10.73;31106.15;8.17;11.94;9.91;44.91;525.02;86.87;0.00;10.16;84.28;82.56;89.36;93.62;99.95
08425;Alb-Donau-Kreis;10.00;168.69;49.97;2.64;3.17;5.68;30738.85;5.80;2.09;6.67;-51.74;659.09;51.03;23.69;17.07;54.15;47.12;64.33;76.61;95.32
08426;Biberach;10.00;123.50;51.71;2.44;3.06;5.02;31248.00;5.99;3.16;6.98;-2.98;658.03;53.46;33.38;29.93;53.18;42.20;59.27;68.18;93.69
08435;Bodenseekreis;12.00;345.47;49.83;3.19;4.37;7.20;32095.07;6.24;2.96;6.47;2.93;642.25;71.91;21.71;21.97;75.50;58.32;74.36;69.51;96.20
08436;Ravensburg;11.00;223.87;47.99;2.76;4.07;6.57;30463.80;6.16;5.85;7.47;0.60;640.43;57.39;19.39;20.27;64.53;55.18;63.60;68.43;88.53
08437;Sigmaringen;9.00;96.81;51.65;3.37;3.42;5.08;29460.07;5.36;4.65;7.58;-15.48;673.03;43.89;46.56;39.97;49.98;48.32;54.44;58.84;83.75
09161;Ingolstadt;13.00;864.34;45.64;3.34;6.05;9.64;32253.42;5.86;9.22;5.53;36.89;707.68;99.86;0.00;6.61;89.42;81.18;88.21;83.18;99.70
09162;München, Landeshauptstadt;21.00;4962.72;40.63;4.46;5.88;10.21;36752.49;6.62;7.10;5.34;26.50;511.41;96.57;0.00;3.91;98.06;95.80;98.56;94.73;99.95
09163;Rosenheim, Stadt;13.00;1454.00;42.81;4.42;5.83;10.12;30553.48;7.70;12.29;6.27;23.07;558.86;85.09;0.00;7.26;95.61;90.06;93.35;90.40;99.77
09171;Altötting;10.00;189.70;51.99;3.02;3.83;6.03;30529.99;6.37;5.16;4.26;2.21;651.74;83.82;10.25;9.24;73.42;57.27;73.55;62.92;78.55
09172;Berchtesgadener Land;12.00;231.57;48.62;3.58;3.76;6.30;29349.93;6.78;6.60;2.92;-4.43;637.97;71.69;13.33;11.52;65.82;55.23;69.69;50.48;79.67
09173;Bad Tölz-Wolfratshausen;14.00;1074.56;49.60;2.04;3.22;4.83;33598.23;6.53;5.62;3.55;-37.02;635.24;60.31;36.34;12.18;69.65;56.90;76.34;55.64;85.00
09174;Dachau;15.00;880.63;47.51;2.49;2.49;3.89;34147.90;6.34;3.23;5.90;-58.22;628.72;71.57;29.21;8.45;66.32;59.42;66.84;58.98;90.12
09175;Ebersberg;15.00;1329.26;47.75;2.31;2.70;4.19;36468.12;5.80;2.31;4.38;-46.27;612.79;72.33;27.04;8.81;81.49;66.15;79.02;69.05;94.79
09176;Eichstätt;11.00;289.21;54.39;2.23;2.26;4.40;32161.52;5.23;3.49;4.13;-38.66;643.99;53.57;25.07;12.75;47.81;36.50;52.19;50.80;76.61
09177;Erding;13.00;538.43;49.97;2.22;2.44;3.93;32821.53;5.93;4.25;2.54;-42.57;657.72;60.13;15.12;9.07;51.58;44.68;53.89;56.52;80.75
09178;Freising;14.00;799.22;47.24;2.80;2.43;4.42;31411.36;5.44;1.94;4.85;-5.96;609.81;66.23;14.57;5.73;69.71;59.65;68.56;65.58;84.98
09179;Fürstenfeldbruck;16.00;992.88;47.35;2.97;4.04;6.43;34715.78;6.25;1.26;4.36;-71.58;578.55;78.35;31.40;6.69;81.71;74.55;85.27;77.81;99.50
09180;Garmisch-Partenkirchen;13.00;955.52;48.76;3.31;3.45;5.29;30849.82;8.05;12.92;2.26;-16.66;597.47;55.84;14.88;13.82;82.64;63.42;80.54;75.59;84.25
09181;Landsberg am Lech;12.00;562.40;53.03;2.55;2.60;4.09;33206.39;6.27;4.59;5.74;-21.90;702.27;57.39;28.07;7.87;64.47;47.69;69.04;55.81;77.23
09182;Miesbach;16.00;1147.16;55.90;2.61;2.40;3.84;35124.46;7.64;4.74;5.47;-10.26;701.09;63.99;32.68;11.78;66.89;51.18;66.90;51.35;77.04
09183;Mühldorf a.Inn;10.00;197.15;50.39;3.37;3.67;6.05;30385.24;6.13;2.95;4.32;-18.47;637.87;63.63;12.66;8.24;63.98;52.00;60.55;50.33;73.50
09184;München;18.00;2080.02;47.50;2.69;3.64;6.03;39352.75;5.58;3.00;1.98;40.56;683.03;81.85;20.42;3.37;90.14;81.27;90.77;80.16;98.73
09185;Neuburg-Schrobenhausen;11.00;280.65;52.90;2.56;2.91;5.30;30463.50;5.78;4.96;5.63;-33.54;679.12;47.32;28.79;23.35;54.08;36.49;46.47;45.34;63.65
09186;Pfaffenhofen a.d.Ilm;11.00;534.75;53.69;1.99;1.83;2.74;32102.51;5.95;2.17;9.06;-27.98;667.14;53.45;22.99;8.53;61.38;49.23;59.85;52.80;58.68
09187;Rosenheim;13.00;717.29;53.81;2.60;2.58;4.13;32305.14;6.66;10.72;5.71;-24.00;687.44;63.58;19.18;10.58;62.81;45.59;65.52;52.61;71.83
09188;Starnberg;16.00;1404.85;53.60;3.13;3.05;4.79;42641.60;6.85;9.04;4.92;4.55;644.83;57.96;23.21;7.08;76.69;64.47;79.49;63.93;97.24
09189;Traunstein;11.00;453.87;56.16;2.80;3.10;4.67;30911.83;7.30;5.41;3.73;-1.72;702.82;68.50;20.85;15.63;65.25;48.46;56.80;46.81;72.10
09190;Weilheim-Schongau;12.00;711.91;51.31;2.80;3.33;5.09;31640.46;7.27;3.64;6.14;-10.11;656.06;64.37;18.07;20.33;69.89;47.22;71.51;64.16;81.27
09261;Landshut, Stadt;12.00;1272.07;49.93;5.19;6.99;11.17;31368.94;6.84;17.19;3.54;19.21;561.27;91.51;0.00;6.04;83.97;87.79;93.16;82.03;99.35
09262;Passau, Stadt;10.00;;51.63;5.17;7.35;13.72;28048.46;7.51;14.13;8.17;49.80;563.84;96.41;0.00;6.84;86.50;79.77;74.39;70.59;99.64
09263;Straubing;9.00;413.21;49.91;5.26;6.55;10.89;29444.13;7.67;10.12;5.10;28.65;592.00;88.52;0.00;10.03;87.55;75.77;92.59;73.05;96.94
09271;Deggendorf;9.00;179.94;55.61;3.30;3.05;5.05;29337.09;6.16;11.64;3.76;-1.71;667.65;54.62;11.74;6.92;60.29;38.03;50.53;47.54;61.86
09272;Freyung-Grafenau;8.00;63.52;57.13;3.13;2.63;4.55;27065.00;6.53;4.67;5.96;-18.58;691.59;32.23;39.42;35.09;42.74;24.82;39.04;34.70;65.73
09273;Kelheim;11.00;230.84;52.90;2.87;2.39;3.70;29889.64;6.34;3.56;5.09;-33.71;661.42;52.79;27.79;9.18;56.54;44.62;51.32;50.17;72.36
09274;Landshut;10.00;257.34;52.31;2.80;2.44;4.17;30758.71;6.19;1.15;3.98;-37.87;700.22;54.95;18.32;11.56;57.05;45.82;55.19;48.14;53.64
09275;Passau;9.00;115.76;57.10;3.22;3.68;6.55;28737.54;7.31;3.73;4.88;-28.60;685.38;37.15;23.62;14.63;52.03;37.17;49.76;44.55;65.55
09276;Regen;8.00;;56.22;3.60;3.58;5.96;27446.36;6.68;4.28;5.20;-6.47;663.39;45.30;35.03;32.86;50.72;37.69;47.77;47.75;49.74
09277;Rottal-Inn;9.00;113.43;57.77;3.48;3.89;6.71;28932.84;6.03;5.23;4.28;-25.95;711.70;43.87;29.67;21.72;51.47;39.33;48.48;41.01;53.48
09278;Straubing-Bogen;9.00;134.21;56.92;2.83;2.40;3.81;29838.89;6.10;3.60;4.36;-53.96;689.02;25.27;17.81;11.50;44.99;31.77;46.58;42.70;41.29
09279;Dingolfing-Landau;9.00;137.80;51.57;3.07;2.27;3.90;29237.72;5.41;1.11;5.68;12.01;708.53;41.82;13.62;8.15;50.17;44.12;51.82;37.18;60.28
09361;Amberg;10.00;194.14;50.60;4.79;6.37;10.42;29726.07;9.09;13.74;8.44;36.28;597.82;90.05;0.00;8.52;91.51;71.97;85.68;79.86;98.71
09362;Regensburg, Stadt;12.00;1140.92;47.83;4.12;5.88;10.65;30855.78;6.91;19.29;5.13;45.86;547.61;96.06;0.00;2.16;94.75;89.38;94.53;87.89;99.99
09363;Weiden i.d.OPf.;9.00;177.08;51.69;5.52;7.75;13.05;28694.27;7.10;15.36;4.57;36.13;622.74;94.25;0.00;3.48;88.64;75.29;79.84;81.09;99.15
09371;Amberg-Sulzbach;8.00;103.09;55.21;3.02;2.98;4.83;28427.66;5.94;1.88;4.40;-47.52;691.66;59.53;20.09;12.55;47.72;35.59;51.72;44.99;79.61
09372;Cham;8.00;65.06;57.93;2.94;3.01;5.09;28100.26;6.83;5.15;4.31;1.11;712.39;31.32;20.78;36.51;42.74;29.26;42.58;39.70;44.87
09373;Neumarkt i.d.OPf.;10.00;140.01;54.36;2.41;2.26;3.63;29760.19;6.15;3.81;2.46;-13.79;665.20;61.72;19.94;9.32;47.06;38.36;45.10;52.13;60.15
09374;Neustadt a.d.Waldnaab;7.00;76.39;56.08;3.31;3.26;4.93;28105.40;6.89;1.94;7.71;-20.75;688.75;64.09;21.15;8.72;50.86;36.64;57.16;52.72;70.39
09375;Regensburg;10.00;274.06;55.37;2.45;3.06;4.94;31312.38;6.55;1.25;3.31;-65.63;671.48;62.09;17.87;6.17;52.31;44.31;58.52;48.78;88.43
09376;Schwandorf;9.00;140.44;52.37;3.05;3.59;5.82;28456.49;6.84;4.03;3.07;-13.59;695.12;43.21;27.33;8.36;56.09;43.31;54.85;48.13;59.03
09377;Tirschenreuth;7.00;;54.52;3.62;3.53;5.35;27887.44;5.75;3.38;5.50;-5.87;680.85;62.60;18.14;12.68;49.91;37.02;54.70;43.56;54.40
09461;Bamberg, Stadt;11.00;361.48;47.81;4.39;5.75;8.61;29151.02;7.23;15.27;5.25;44.28;549.14;95.32;0.00;5.09;93.81;90.95;92.85;80.99;99.98
09462;Bayreuth, Stadt;11.00;275.60;48.29;4.79;6.31;11.43;28482.14;7.50;19.28;6.63;40.49;572.45;92.36;0.00;5.69;87.57;82.25;93.48;80.28;99.89
09463;Coburg, Stadt;8.00;152.89;53.02;6.34;9.10;16.27;30687.12;5.35;11.52;8.84;48.68;615.22;86.38;0.00;5.84;76.42;71.52;79.33;82.19;99.86
09464;Hof, Stadt;7.00;80.27;48.94;5.94;11.69;19.34;27666.82;8.23;9.49;11.62;24.04;562.97;96.97;0.00;6.82;89.62;78.95;87.56;81.03;99.22
09471;Bamberg;10.00;126.58;51.64;2.53;2.34;3.52;29175.73;6.27;2.12;8.52;-66.01;698.46;40.43;18.62;5.44;49.35;43.27;58.97;49.69;67.37
09472;Bayreuth;10.00;77.15;55.56;3.15;2.71;3.89;29494.13;6.01;0.97;5.49;-80.26;700.97;47.14;20.06;9.91;43.41;40.92;46.52;42.14;62.75
09473;Coburg;8.00;61.88;55.05;3.72;3.85;5.47;30015.91;5.75;0.71;11.67;-37.00;708.52;53.96;14.84;7.89;52.83;48.14;58.50;46.68;79.55
09474;Forchheim;10.00;222.70;53.30;2.97;3.61;5.47;31076.25;6.24;2.68;3.50;-51.88;680.35;57.39;18.07;9.18;54.26;46.53;60.69;54.90;88.75
09475;Hof;7.00;46.39;56.78;3.60;4.29;7.22;28337.89;6.51;6.74;6.90;2.39;694.78;48.49;15.29;6.59;53.77;40.44;51.06;53.78;60.28
09476;Kronach;8.00;47.87;56.75;3.46;2.96;4.66;28416.75;6.07;3.69;4.27;-13.09;707.55;44.09;33.21;26.07;40.09;38.62;45.55;39.49;75.80
09477;Kulmbach;9.00;67.35;55.30;3.58;3.64;5.34;29211.42;7.52;8.58;5.35;-6.61;702.78;61.02;12.73;9.91;43.93;41.35;58.36;51.40;68.89
09478;Lichtenfels;9.00;100.45;53.55;3.77;3.57;5.39;28274.22;6.63;11.87;4.54;-5.01;669.77;57.57;20.88;7.91;51.34;45.39;51.47;51.66;66.16
09479;Wunsiedel i.Fichtelgebirge;7.00;43.08;56.64;4.70;6.45;10.21;28380.90;6.55;5.33;7.67;3.78;667.31;63.90;7.99;6.54;65.50;53.12;68.99;52.70;85.28
09561;Ansbach, Stadt;9.00;147.21;51.69;4.61;7.98;13.32;29392.20;7.01;28.31;5.10;40.26;649.19;77.07;0.00;8.02;76.68;70.67;73.07;80.49;96.16
09562;Erlangen;11.00;;45.72;4.10;5.27;9.11;32961.54;6.62;19.07;3.51;44.87;486.31;83.71;0.00;3.13;90.26;90.23;94.43;90.84;100.00
09563;Fürth, Stadt;11.00;750.58;42.87;5.05;7.51;11.60;30809.64;6.45;5.93;9.87;-17.67;488.82;65.91;0.00;4.51;90.43;89.86;93.12;84.30;99.99
09564;Nürnberg;11.00;1184.98;42.18;5.92;9.57;15.35;29661.88;6.78;6.57;8.57;27.56;470.63;89.84;0.00;5.11;96.86;94.59;96.42;90.20;99.97
09565;Schwabach;10.00;534.94;48.45;3.51;5.62;9.04;31710.00;7.60;4.17;4.92;-1.36;648.29;67.70;0.00;5.25;85.51;72.59;77.09;52.79;96.93
09571;Ansbach;9.00;99.83;52.42;2.53;1.90;2.52;29219.77;5.50;0.63;7.45;-30.64;687.79;56.45;23.84;9.86;51.44;44.12;56.73;53.14;62.68
09572;Erlangen-Höchstadt;11.00;338.92;53.85;2.64;2.84;4.35;34546.04;6.74;1.12;6.88;-14.67;677.00;50.77;17.75;6.13;62.71;64.40;77.24;61.33;97.41
09573;Fürth;10.00;485.78;52.65;2.74;3.22;4.77;31970.59;6.70;0.00;4.42;-100.48;664.66;64.45;14.29;12.42;65.61;63.63;75.43;52.67;92.98
09574;Nürnberger Land;10.00;279.97;54.08;2.54;3.18;4.68;32085.24;6.69;5.23;7.54;-29.78;667.19;61.09;25.68;5.50;61.45;52.44;69.43;54.60;88.57
09575;Neustadt a.d.Aisch-Bad Windsheim;9.00;88.01;53.43;2.41;3.26;5.62;29396.15;6.14;4.99;6.61;-30.84;690.63;52.35;32.42;16.92;49.78;47.48;54.70;47.93;57.62
09576;Roth;10.00;280.96;52.02;2.23;2.24;3.21;31114.82;6.49;2.12;5.80;-30.83;689.83;54.14;20.65;8.67;54.51;48.30;64.09;52.37;76.16
09577;Weißenburg-Gunzenhausen;9.00;95.78;53.02;3.60;4.39;6.78;29255.43;6.99;4.40;5.46;-24.47;678.56;62.68;33.10;31.23;52.81;43.15;52.64;41.13;62.27
09661;Aschaffenburg, Stadt;12.00;822.62;47.14;6.15;8.94;14.59;30394.03;5.97;13.24;5.50;35.38;600.74;94.50;0.00;5.83;92.20;90.57;95.63;92.00;99.97
09662;Schweinfurt, Stadt;9.00;371.80;45.27;6.47;10.59;17.37;27888.18;7.19;17.58;6.05;59.99;550.89;87.60;0.00;5.04;96.27;94.80;92.93;89.10;99.99
09663;Würzburg, Stadt;12.00;526.13;46.14;3.74;5.55;10.45;29310.82;7.70;18.23;5.35;41.88;486.96;90.30;0.00;6.19;95.18;88.19;92.93;88.65;99.99
09671;Aschaffenburg;10.00;248.59;54.26;3.40;4.46;7.35;31072.74;6.50;0.25;3.96;-31.90;698.66;53.35;18.52;5.95;65.75;60.92;72.10;63.45;98.99
09672;Bad Kissingen;8.00;57.22;55.04;3.15;3.88;6.19;28980.33;6.38;8.49;2.54;-20.68;694.93;51.34;17.36;8.25;48.46;39.59;56.88;39.81;59.23
09673;Rhön-Grabfeld;8.00;49.90;56.06;2.81;3.30;4.97;28627.63;6.31;13.19;4.70;-2.77;709.15;49.05;19.14;10.56;48.00;40.49;49.91;48.22;71.44
09674;Haßberge;8.00;61.74;54.69;2.81;2.72;3.69;27980.63;6.55;2.40;3.65;-31.61;713.03;46.99;25.43;10.71;41.65;38.23;47.88;37.75;50.35
09675;Kitzingen;9.00;126.98;51.89;2.58;2.93;4.71;29107.17;6.24;2.65;3.37;-13.81;689.35;32.78;26.18;6.83;55.05;46.13;57.40;53.83;85.51
09676;Miltenberg;10.00;202.96;52.85;3.60;3.97;6.26;28966.11;6.75;2.17;6.37;-23.28;690.43;59.67;33.97;22.77;67.30;62.35;74.84;62.56;93.51
09677;Main-Spessart;8.00;72.97;56.03;2.13;2.80;4.77;29749.48;6.33;4.43;3.05;-15.83;689.87;48.88;34.73;17.72;46.94;37.64;51.35;54.35;89.54
09678;Schweinfurt;8.00;109.05;54.49;2.56;2.61;4.00;29480.13;5.93;5.05;8.44;-84.95;692.41;59.48;15.70;6.07;50.66;43.53;57.08;47.41;67.09
09679;Würzburg;11.00;226.17;55.22;2.41;2.65;3.38;30391.62;6.37;0.87;7.90;-69.34;673.03;52.03;20.95;8.16;59.38;53.07;73.63;60.86;92.46
09761;Augsburg, Stadt;13.00;1381.47;40.20;5.47;7.20;11.52;29003.70;6.28;9.16;5.16;13.61;470.07;82.32;0.00;8.21;97.63;94.32;98.64;95.45;99.86
09762;Kaufbeuren;11.00;315.71;43.87;3.90;5.15;6.75;30221.71;6.65;13.99;8.37;0.25;566.63;94.45;0.00;18.55;96.09;73.58;81.34;88.90;98.89
09763;Kempten (Allgäu);11.00;509.90;45.44;3.40;4.90;7.78;29515.23;7.67;13.83;8.96;20.55;609.03;97.78;0.00;4.65;92.92;87.08;90.84;85.17;98.98
09764;Memmingen;12.00;285.13;45.79;3.73;4.64;7.17;31191.12;6.69;11.01;6.42;35.12;622.57;81.00;0.00;2.64;81.30;86.00;87.10;83.96;95.82
09771;Aichach-Friedberg;11.00;407.98;52.28;2.57;2.63;4.34;32262.62;5.77;2.07;6.04;-49.60;656.70;55.81;25.28;13.07;58.11;42.69;55.46;51.56;87.48
09772;Augsburg;12.00;302.63;49.61;2.84;3.36;5.67;32030.06;6.47;1.15;5.93;-33.63;653.12;70.64;24.25;13.08;66.07;55.96;67.11;65.44;91.51
09773;Dillingen a.d.Donau;10.00;147.84;50.28;2.73;3.45;6.42;29768.54;5.72;3.25;6.69;-25.28;686.96;45.69;12.31;22.37;54.84;39.19;55.28;43.00;73.49
09774;Günzburg;10.00;150.83;49.93;2.12;2.41;3.99;29460.27;5.83;8.41;9.11;-5.56;673.41;50.73;17.83;9.17;56.04;44.89;58.22;55.92;75.15
09775;Neu-Ulm;12.00;290.95;47.35;2.46;3.10;4.95;30357.00;5.37;1.75;5.43;-21.32;620.01;70.32;16.08;5.96;76.67;65.26;71.99;77.05;97.23
09776;Lindau (Bodensee);12.00;396.19;51.83;2.64;3.23;5.48;30734.66;6.53;7.46;6.14;-3.64;655.14;54.38;16.68;11.38;65.54;54.45;68.64;63.67;90.50
09777;Ostallgäu;11.00;206.46;54.13;2.54;2.72;3.88;30402.03;6.35;4.21;2.07;-15.14;677.83;63.17;21.05;11.50;56.14;41.83;54.81;49.61;77.74
09778;Unterallgäu;11.00;140.59;54.06;2.22;1.91;3.10;30657.00;5.62;3.17;3.06;-18.70;707.13;59.47;21.98;6.68;58.70;42.10;52.73;52.20;61.58
09779;Donau-Ries;10.00;115.11;53.10;2.23;2.35;3.98;30270.86;5.82;3.95;3.73;5.15;702.84;56.89;13.53;33.45;53.87;38.62;49.68;53.28;56.43
09780;Oberallgäu;11.00;442.45;54.62;2.49;2.20;3.68;30347.94;6.86;1.33;4.56;-16.73;681.58;66.51;11.97;13.00;65.76;45.93;63.43;56.56;83.77
10041;Regionalverband Saarbrücken;9.00;144.56;50.53;9.46;15.70;25.46;28515.30;6.20;8.69;9.11;20.75;580.53;69.61;7.46;2.74;80.10;78.27;86.26;75.89;99.90
10042;Merzig-Wadern;9.00;100.92;57.07;4.42;6.02;10.69;27408.64;5.78;3.04;6.05;-9.96;666.26;38.02;37.42;8.83;39.51;43.30;47.71;45.52;93.21
10043;Neunkirchen;8.00;117.20;54.64;7.36;11.95;20.63;28134.19;5.39;4.66;12.56;-27.29;652.85;67.65;21.26;4.98;72.98;69.50;79.08;68.46;99.24
10044;Saarlouis;9.00;138.67;54.24;5.71;7.71;12.22;28700.17;6.11;4.95;8.06;-7.28;653.35;65.69;24.74;4.96;63.51;68.26;74.24;63.96;97.82
10045;Saarpfalz-Kreis;9.00;147.26;56.19;4.86;7.13;11.83;30575.15;6.51;10.35;10.23;17.53;685.01;76.14;21.69;4.98;59.20;57.96;68.45;54.63;98.76
10046;St. Wendel;8.00;64.45;60.10;4.04;5.79;10.56;30416.21;6.85;3.87;7.16;-20.08;718.30;39.26;34.44;8.73;45.15;50.94;54.11;34.23;98.51
11000;Berlin, Stadt;17.00;820.83;40.52;9.14;15.19;23.95;27822.85;6.53;5.58;8.05;10.73;339.26;98.16;0.00;6.52;98.10;94.23;97.12;95.07;99.94
12051;Brandenburg an der Havel, Stadt;9.00;149.17;42.76;8.81;13.71;19.60;27376.43;6.86;13.50;11.11;5.74;472.84;52.48;0.00;15.19;84.08;71.85;78.41;66.95;99.42
12052;Cottbus, Stadt;8.00;158.27;45.40;7.77;14.15;21.58;26711.04;8.28;11.16;7.19;21.33;513.37;80.52;0.00;9.41;84.76;76.43;86.77;81.78;99.69
12053;Frankfurt (Oder), Stadt;7.00;63.81;41.71;8.11;13.64;20.85;26827.45;7.71;15.15;8.00;24.23;493.91;92.72;0.00;6.02;85.79;80.77;83.49;81.08;99.37
12054;Potsdam, Stadt;13.00;747.41;40.39;5.42;8.16;11.91;29277.53;6.50;8.01;5.49;13.10;418.68;88.61;0.00;8.11;91.40;80.83;91.24;90.51;99.90
12060;Barnim;10.00;253.54;45.48;5.46;6.56;8.57;29092.56;5.35;5.45;5.90;-46.86;568.46;68.50;51.56;8.94;67.06;51.51;60.99;52.34;91.98
12061;Dahme-Spreewald;12.00;216.67;47.16;3.78;5.39;7.78;29448.07;5.84;6.21;5.17;-14.20;607.96;65.11;42.36;8.29;60.74;41.48;56.84;46.23;88.37
12062;Elbe-Elster;6.00;21.69;51.21;6.57;8.47;11.59;26734.18;7.35;4.48;9.03;-18.95;642.43;22.32;66.89;34.59;49.78;44.01;53.36;44.13;80.08
12063;Havelland;10.00;286.89;46.35;5.66;6.38;8.97;29068.37;5.82;2.66;6.75;-52.67;570.98;70.18;37.41;19.77;63.96;51.10;63.36;50.86;94.82
12064;Märkisch-Oderland;9.00;195.63;47.20;5.43;6.54;8.22;28855.79;6.03;3.94;7.71;-48.60;608.78;68.58;45.96;18.68;63.93;48.17;52.76;51.61;86.21
12065;Oberhavel;12.00;221.52;44.87;4.90;5.92;7.64;29642.90;6.17;5.43;7.56;-48.61;579.09;61.16;48.38;12.60;68.81;58.28;66.65;62.01;92.16
12066;Oberspreewald-Lausitz;7.00;34.00;47.66;7.23;9.42;12.55;27087.55;6.39;4.00;10.59;-8.11;602.48;51.40;33.46;8.12;66.85;55.81;57.91;55.50;89.07
12067;Oder-Spree;9.00;114.14;47.49;6.18;8.06;10.33;28523.90;5.84;8.11;8.60;-4.63;604.96;62.03;33.67;13.42;61.67;51.87;61.76;48.22;82.19
12068;Ostprignitz-Ruppin;8.00;49.91;48.34;7.01;8.30;10.16;26905.48;6.80;9.57;10.43;-10.64;594.45;52.58;66.56;15.05;53.59;44.46;51.05;48.90;81.89
12069;Potsdam-Mittelmark;11.00;207.41;48.12;4.48;4.24;5.60;31581.76;6.13;2.94;5.13;-38.85;599.68;59.04;28.48;8.51;63.31;43.57;62.10;51.27;91.95
12070;Prignitz;7.00;32.76;51.32;7.79;10.38;15.46;26979.49;6.52;4.66;13.94;-6.15;612.07;42.58;66.61;18.68;56.31;52.69;57.85;48.72;80.03
12071;Spree-Neiße;6.00;20.60;50.94;6.05;7.99;9.70;27629.74;5.47;4.40;9.65;-21.08;642.75;24.01;24.87;18.46;52.33;38.57;51.07;42.28;88.33
12072;Teltow-Fläming;9.00;264.01;45.43;4.60;5.56;7.74;27976.18;5.51;2.85;8.04;-10.40;605.50;50.43;49.83;16.20;63.35;47.62;54.99;51.54;86.77
12073;Uckermark;7.00;28.84;48.80;10.68;13.13;16.65;26865.95;6.39;5.74;10.31;-9.36;581.11;34.38;62.76;21.39;57.85;50.52;57.64;59.45;76.35
13003;Rostock;11.00;408.13;40.77;7.32;10.06;13.91;26605.71;6.93;7.78;9.75;13.46;421.31;96.48;0.00;6.41;96.03;87.25;93.39;88.15;99.65
13004;Schwerin;9.00;216.13;43.42;9.51;14.39;21.02;28285.14;7.27;12.27;9.71;28.90;456.23;95.67;0.00;10.04;94.02;79.17;79.06;78.55;99.88
13071;Mecklenburgische Seenplatte;7.00;44.01;49.18;8.83;11.01;14.34;26649.28;7.27;6.77;10.62;-5.01;591.38;47.53;37.69;21.62;64.44;52.97;59.38;54.45;73.64
13072;Landkreis Rostock;9.00;138.42;47.54;5.85;6.89;8.72;27615.23;6.67;3.64;7.81;-20.64;590.37;62.28;33.49;12.45;53.51;46.12;53.51;46.69;72.68
13073;Vorpommern-Rügen;9.00;123.35;50.91;9.24;10.04;13.69;26372.67;7.11;5.30;8.82;-13.45;583.21;84.31;30.68;30.61;67.31;54.05;67.52;52.57;76.80
13074;Nordwestmecklenburg;8.00;103.43;47.43;6.93;7.72;9.84;27162.13;6.62;3.79;8.12;-35.98;586.67;64.82;31.32;9.69;58.91;44.65;58.61;52.56;72.65
13075;Vorpommern-Greifswald;8.00;92.49;50.13;8.78;10.71;13.69;25754.65;7.66;9.85;11.51;-1.78;562.39;57.69;43.26;22.73;63.10;54.24;63.71;54.49;71.31
13076;Ludwigslust-Parchim;8.00;44.87;48.91;6.02;7.18;9.62;27156.59;6.15;4.54;12.41;-32.67;617.86;43.91;43.24;14.43;52.06;40.97;50.85;42.28;64.71
14511;Chemnitz, Stadt;6.00;130.35;44.14;8.39;11.02;17.03;27237.29;5.98;9.20;11.79;19.80;513.53;88.79;0.00;7.49;87.81;82.52;89.04;85.59;99.15
14521;Erzgebirgskreis;6.00;69.95;47.23;5.01;5.58;6.87;26913.16;5.68;6.27;7.69;-14.39;629.76;34.14;35.02;23.31;66.33;54.10;65.26;56.04;92.55
14522;Mittelsachsen;6.00;47.21;47.73;5.02;6.31;8.10;27183.28;6.14;4.32;9.93;-12.05;603.86;25.09;34.42;13.69;58.93;51.15;61.23;52.09;86.32
14523;Vogtlandkreis;6.00;56.53;50.30;5.76;6.97;9.69;27156.00;6.06;7.93;8.66;-9.32;619.86;57.51;19.12;10.85;67.77;56.63;63.77;62.13;86.43
14524;Zwickau;6.00;51.60;47.48;5.37;7.17;10.73;27997.99;6.02;6.29;10.19;-0.17;602.43;43.10;15.96;8.62;72.30;59.04;74.02;60.47;91.89
14612;Dresden, Stadt;9.00;;39.84;6.06;8.61;12.47;27261.59;6.47;6.56;8.10;14.74;409.54;85.39;0.00;7.73;94.21;89.94;94.36;91.52;99.91
14625;Bautzen;6.00;42.28;46.90;6.09;6.40;7.53;27281.81;6.83;5.67;6.89;-5.47;617.85;60.44;17.27;13.62;57.32;46.78;61.85;52.81;97.07
14626;Görlitz;6.00;38.40;50.92;8.49;9.99;11.87;26285.58;6.56;6.87;10.24;-3.06;584.65;47.59;29.58;22.31;62.30;54.73;67.56;53.84;89.89
14627;Meißen;7.00;;47.23;5.72;6.81;8.15;28276.34;6.37;4.75;7.04;-8.61;583.03;44.12;36.88;16.02;63.48;52.75;67.95;55.09;93.55
14628;Sächsische Schweiz-Osterzgebirge;7.00;153.96;45.31;5.16;6.23;7.81;28056.89;6.49;4.68;10.85;-24.31;592.81;42.98;32.35;11.61;60.17;49.82;64.04;51.41;94.94
14713;Leipzig, Stadt;10.00;541.55;40.90;7.10;10.75;15.80;26348.99;6.27;6.46;7.88;10.69;384.39;89.57;0.00;9.31;95.97;93.80;96.05;92.59;99.88
14729;Leipzig;7.00;141.49;47.71;5.59;7.01;9.06;28503.45;7.18;4.42;6.67;-32.59;598.18;63.67;29.56;8.22;61.79;52.55;64.59;55.37;94.99
14730;Nordsachsen;7.00;74.02;47.00;6.61;7.63;9.41;27419.09;6.34;7.24;7.96;-7.08;585.90;66.01;44.18;21.45;62.39;52.89;59.64;56.87;92.19
15001;Dessau-Roßlau, Stadt;7.00;105.64;51.14;8.64;13.67;20.62;28506.41;6.97;10.73;14.78;11.18;547.80;75.15;0.00;8.99;90.17;76.56;81.78;75.50;98.48
15002;Halle (Saale), Stadt;8.00;286.62;44.23;9.24;15.91;25.70;26061.28;7.39;12.24;14.71;8.44;418.93;83.59;0.00;8.87;96.37;92.74;95.57;92.57;99.98
15003;Magdeburg, Landeshauptstadt;7.00;182.95;42.92;8.47;12.74;18.71;27207.36;6.69;8.42;11.58;13.30;460.98;85.89;0.00;6.73;95.67;90.00;93.55;89.69;99.64
15081;Altmarkkreis Salzwedel;6.00;22.37;53.90;6.90;8.46;9.59;26890.13;4.95;4.08;8.68;-30.27;628.99;39.63;53.40;44.29;46.37;40.91;49.41;47.14;64.38
15082;Anhalt-Bitterfeld;7.00;41.64;50.67;7.56;10.69;14.13;27209.93;6.49;4.98;16.78;-15.16;602.49;30.07;25.12;15.54;66.87;55.13;71.17;55.45;83.08
15083;Börde;6.00;66.93;51.25;5.14;6.48;7.78;27915.22;6.32;3.27;9.40;-16.85;632.81;30.16;28.93;11.56;56.80;44.97;57.47;54.32;81.66
15084;Burgenlandkreis;6.00;46.99;48.91;7.20;10.69;14.45;26999.70;6.48;5.45;15.12;-18.40;585.02;41.67;36.05;14.21;63.56;55.72;65.03;58.02;81.45
15085;Harz;7.00;74.90;51.84;5.25;9.01;10.64;28041.63;6.70;5.99;11.73;-16.36;597.48;56.42;49.98;10.22;73.60;60.94;73.22;65.92;95.90
15086;Jerichower Land;7.00;62.94;52.46;7.07;8.74;11.30;27938.86;6.32;8.15;11.50;-26.79;615.51;32.28;29.63;14.63;55.58;41.69;51.35;44.08;84.02
15087;Mansfeld-Südharz;6.00;34.62;50.78;9.95;12.68;17.87;26434.61;6.39;6.06;14.88;-21.04;611.15;22.66;40.57;11.89;58.10;53.38;63.68;56.65;89.83
15088;Saalekreis;7.00;73.18;48.89;6.38;8.49;11.80;27859.89;6.17;3.16;9.18;-10.48;631.91;39.19;22.73;6.85;53.95;43.74;60.18;48.55;94.86
15089;Salzlandkreis;6.00;30.23;50.90;8.36;12.36;15.56;26555.23;6.74;6.36;11.13;-15.96;576.55;38.37;37.22;10.25;71.26;61.09;75.48;60.74;90.25
15090;Stendal;7.00;24.57;54.28;9.11;13.04;17.50;26403.41;6.77;7.82;13.62;-18.51;596.94;38.78;67.53;25.55;61.75;51.31;58.62;51.02;71.00
15091;Wittenberg;7.00;41.01;50.99;6.79;9.13;12.54;27157.23;6.43;4.56;14.79;-16.92;617.50;42.65;39.39;25.50;55.42;49.90;57.28;49.84;77.90
16051;Erfurt, Stadt;9.00;297.05;39.74;6.06;8.94;14.28;27319.22;6.38;7.67;7.38;21.63;448.96;78.79;0.00;6.44;88.73;81.67;85.47;84.01;99.26
16052;Gera, Stadt;6.00;83.40;45.45;9.07;12.96;20.83;27416.11;6.80;10.24;12.58;7.83;479.15;75.10;0.00;7.58;86.56;79.34;86.40;83.44;96.69
16053;Jena, Stadt;11.00;454.73;41.07;5.62;6.73;9.36;27736.90;6.70;12.64;3.97;28.61;409.44;77.93;0.00;7.67;93.45;84.27;89.43;81.45;99.41
16054;Suhl, Stadt;7.00;52.96;47.02;6.07;6.88;9.72;28361.29;6.19;16.52;14.42;5.09;547.47;84.88;34.83;5.92;78.86;63.26;82.78;68.30;97.80
16055;Weimar, Stadt;9.00;182.78;42.78;5.89;9.21;13.63;27201.29;7.02;9.56;8.37;4.08;459.53;76.22;22.84;8.56;91.04;82.60;88.22;85.83;99.88
16061;Eichsfeld;7.00;53.77;48.71;4.22;4.71;6.57;25663.03;6.82;3.22;5.69;-20.95;625.23;43.86;37.63;9.43;51.92;43.42;55.58;53.13;85.36
16062;Nordhausen;6.00;47.42;47.95;8.32;10.70;15.66;26761.97;6.78;11.62;14.32;-5.76;580.99;19.84;55.68;7.67;69.71;60.21;70.29;62.50;92.84
16063;Wartburgkreis;7.00;41.71;49.06;5.31;6.31;9.33;27647.86;6.56;6.39;9.27;-8.72;609.80;27.98;49.48;16.48;64.41;48.15;56.76;55.34;93.25
16064;Unstrut-Hainich-Kreis;6.00;39.47;48.81;7.45;9.44;13.42;26371.13;6.97;11.65;12.50;-11.85;558.54;45.45;50.29;27.59;67.47;50.72;68.84;67.78;92.44
16065;Kyffhäuserkreis;6.00;41.52;52.24;8.66;10.77;14.13;26418.16;6.30;5.64;14.10;-44.23;608.88;34.00;50.41;15.31;61.72;46.99;54.38;46.62;87.88
16066;Schmalkalden-Meiningen;7.00;42.94;49.88;4.49;4.97;6.93;27031.40;6.86;5.63;12.30;-17.25;629.07;38.14;42.22;16.35;62.94;49.88;56.82;51.84;79.84
16067;Gotha;7.00;75.06;45.40;5.52;6.74;10.01;27042.45;6.28;3.83;10.34;-15.39;559.76;52.07;31.32;9.03;68.80;55.69;68.43;63.47;96.47
16068;Sömmerda;7.00;116.08;48.47;6.40;7.49;10.44;26916.70;6.81;0.00;12.82;-18.56;596.16;33.10;27.74;8.68;53.89;48.32;52.60;50.21;84.71
16069;Hildburghausen;7.00;34.19;51.31;4.14;4.32;6.56;26520.53;6.37;7.54;9.72;-39.20;647.61;47.07;29.72;11.98;46.41;36.19;46.57;39.08;77.54
16070;Ilm-Kreis;8.00;97.05;46.76;5.43;7.80;11.52;27001.60;6.45;5.09;10.69;-5.25;551.79;56.92;29.56;7.25;67.69;55.67;65.99;64.79;92.05
16071;Weimarer Land;8.00;97.46;48.23;4.61;6.51;9.95;26789.37;6.61;11.18;10.64;-32.25;591.43;22.19;24.14;13.54;43.81;40.09;52.78;49.90;88.45
16072;Sonneberg;7.00;65.52;50.25;5.10;5.29;8.23;26855.30;7.22;5.37;10.85;-18.91;621.03;60.05;30.16;19.92;60.41;56.03;63.88;57.85;88.74
16073;Saalfeld-Rudolstadt;7.00;61.20;49.04;6.13;7.56;11.85;27372.12;6.87;9.95;8.99;-18.10;592.91;43.31;47.99;29.20;62.21;60.36;64.09;59.37;89.63
16074;Saale-Holzland-Kreis;7.00;118.25;46.24;4.63;5.05;6.21;27347.27;7.15;7.97;8.63;-28.67;591.77;33.66;21.76;8.19;52.73;47.53;53.98;53.32;78.97
16075;Saale-Orla-Kreis;7.00;48.04;50.19;5.56;5.89;9.09;26227.15;6.73;1.17;10.52;-15.47;645.53;39.45;32.65;12.71;51.60;44.73;50.79;43.83;72.81
16076;Greiz;6.00;41.73;51.40;5.38;5.99;8.41;25486.33;6.35;2.99;10.71;-25.91;635.33;49.19;22.62;14.24;55.12;48.69;58.58;50.15;79.21
16077;Altenburger Land;6.00;37.87;49.89;8.28;10.92;16.18;27067.51;6.65;5.96;12.78;-20.60;582.06;41.86;31.45;16.85;61.72;54.67;60.82;57.76;82.95
